{
    "peAve": 7.482114742805453,
    "pbAve": 2.183868258672292,
    "returnOnCapitalAve": 26.3681013205654,
    "magicFormulaStatement": [
        {
            "code": "300107",
            "name": "建新股份",
            "isST": false,
            "marketValue": 5006539112.639999,
            "investProfitRadio": 0.01958339484194595,
            "extraodinaryProfitRadio": 0,
            "pe_sub": "",
            "pe": "",
            "pb": "",
            "category": "制造业",
            "earningsYield": {
                "value": 0.1260648078000473,
                "rank": 15
            },
            "returnOnCapital": {
                "value": 0.7198054942812863,
                "rank": 3
            },
            "rank": 1
        },
        {
            "code": "600516",
            "name": "方大炭素",
            "isST": false,
            "marketValue": 30394049117.96,
            "investProfitRadio": 0.02314980105655149,
            "extraodinaryProfitRadio": 1.0290275761973875,
            "pe_sub": 7.09,
            "pe": 6.89,
            "pb": 2.27,
            "category": "制造业",
            "earningsYield": {
                "value": 0.14087795991915744,
                "rank": 9
            },
            "returnOnCapital": {
                "value": 0.42089291132211565,
                "rank": 9
            },
            "rank": 2
        },
        {
            "code": "002110",
            "name": "三钢闽光",
            "isST": false,
            "marketValue": 20813882260.62,
            "investProfitRadio": 0.007472510414387746,
            "extraodinaryProfitRadio": 1.134375,
            "pe_sub": 3.63,
            "pe": 3.2,
            "pb": 1.08,
            "category": "制造业",
            "earningsYield": {
                "value": 0.21995523946965953,
                "rank": 1
            },
            "returnOnCapital": {
                "value": 0.2966971339560925,
                "rank": 27
            },
            "rank": 3
        },
        {
            "code": "600585",
            "name": "海螺水泥",
            "isST": false,
            "marketValue": 163147868197.41,
            "investProfitRadio": 0.026408177557082444,
            "extraodinaryProfitRadio": 1.0014388489208632,
            "pe_sub": 6.96,
            "pe": 6.95,
            "pb": 1.82,
            "category": "制造业",
            "earningsYield": {
                "value": 0.16563114966989165,
                "rank": 2
            },
            "returnOnCapital": {
                "value": 0.2868904686330353,
                "rank": 31
            },
            "rank": 4
        },
        {
            "code": "600507",
            "name": "方大特钢",
            "isST": false,
            "marketValue": 12961851075.9,
            "investProfitRadio": 0,
            "extraodinaryProfitRadio": 1.0175438596491229,
            "pe_sub": 4.64,
            "pe": 4.56,
            "pb": 2.71,
            "category": "制造业",
            "earningsYield": {
                "value": 0.13530619069679276,
                "rank": 11
            },
            "returnOnCapital": {
                "value": 0.3202463349160508,
                "rank": 23
            },
            "rank": 5
        },
        {
            "code": "603585",
            "name": "苏利股份",
            "isST": false,
            "marketValue": 4165200000,
            "investProfitRadio": 0.031573782563943116,
            "extraodinaryProfitRadio": 1.0407023144453311,
            "pe_sub": 13.04,
            "pe": 12.53,
            "pb": 2.26,
            "category": "制造业",
            "earningsYield": {
                "value": 0.10290105939136053,
                "rank": 23
            },
            "returnOnCapital": {
                "value": 0.3544016247422638,
                "rank": 18
            },
            "rank": 6
        },
        {
            "code": "000629",
            "name": "攀钢钒钛",
            "isST": false,
            "marketValue": 29978214244.980003,
            "investProfitRadio": 0,
            "extraodinaryProfitRadio": 1.0112612612612613,
            "pe_sub": 8.98,
            "pe": 8.88,
            "pb": 3.4,
            "category": "制造业",
            "earningsYield": {
                "value": 0.10157406739498405,
                "rank": 26
            },
            "returnOnCapital": {
                "value": 0.3348021822484403,
                "rank": 19
            },
            "rank": 7
        },
        {
            "code": "600618",
            "name": "氯碱化工",
            "isST": false,
            "marketValue": 5781266214.96,
            "investProfitRadio": 0.3250777905011933,
            "extraodinaryProfitRadio": 1.0087064676616915,
            "pe_sub": 8.11,
            "pe": 8.04,
            "pb": 2.11,
            "category": "制造业",
            "earningsYield": {
                "value": 0.15542848218726016,
                "rank": 5
            },
            "returnOnCapital": {
                "value": 0.25661284090725067,
                "rank": 42
            },
            "rank": 8
        },
        {
            "code": "000789",
            "name": "万年青",
            "isST": false,
            "marketValue": 7662761045.58,
            "investProfitRadio": 0.01545243857479155,
            "extraodinaryProfitRadio": 0.9380530973451328,
            "pe_sub": 6.36,
            "pe": 6.78,
            "pb": 1.8,
            "category": "制造业",
            "earningsYield": {
                "value": 0.1614500906564599,
                "rank": 3
            },
            "returnOnCapital": {
                "value": 0.24824902515843064,
                "rank": 47
            },
            "rank": 9
        },
        {
            "code": "000672",
            "name": "上峰水泥",
            "isST": false,
            "marketValue": 9568169682.96,
            "investProfitRadio": 0.04459726630621709,
            "extraodinaryProfitRadio": 1.0434782608695652,
            "pe_sub": 6,
            "pe": 5.75,
            "pb": 2.51,
            "category": "制造业",
            "earningsYield": {
                "value": 0.12826695202624877,
                "rank": 13
            },
            "returnOnCapital": {
                "value": 0.2600515972111421,
                "rank": 40
            },
            "rank": 10
        },
        {
            "code": "002234",
            "name": "民和股份",
            "isST": false,
            "marketValue": 7720311913.92,
            "investProfitRadio": 0.014778253591318971,
            "extraodinaryProfitRadio": 1.0172239108409322,
            "pe_sub": 10.04,
            "pe": 9.87,
            "pb": 5.13,
            "category": "农、林、牧、渔业",
            "earningsYield": {
                "value": 0.0858326995596954,
                "rank": 47
            },
            "returnOnCapital": {
                "value": 0.3574272056781427,
                "rank": 17
            },
            "rank": 11
        },
        {
            "code": "600801",
            "name": "华新水泥",
            "isST": false,
            "marketValue": 25385440497.2,
            "investProfitRadio": 0.012423840755766292,
            "extraodinaryProfitRadio": 1.0144927536231882,
            "pe_sub": 7,
            "pe": 6.9,
            "pb": 2.21,
            "category": "制造业",
            "earningsYield": {
                "value": 0.15732407402741122,
                "rank": 4
            },
            "returnOnCapital": {
                "value": 0.22383990640694737,
                "rank": 64
            },
            "rank": 12
        },
        {
            "code": "600230",
            "name": "沧州大化",
            "isST": false,
            "marketValue": 5527208196.84,
            "investProfitRadio": 0,
            "extraodinaryProfitRadio": 1.002205071664829,
            "pe_sub": 9.09,
            "pe": 9.07,
            "pb": 1.54,
            "category": "制造业",